{
  "project_info": {
    "project_number": "872819870887",
    "project_id": "myproject-7933a",
    "storage_bucket": "myproject-7933a.firebasestorage.app"
  },
  "client": [
    {
      "client_info": {
        "mobilesdk_app_id": "1:872819870887:android:6711222190917a4ada5f82",
        "android_client_info": {
          "package_name": "com.example.project"
        }
      },
      "oauth_client": [],
      "api_key": [
        {
          "current_key": "AIzaSyAfsAdnJLCXD22PA7505GSzlz7k88h5QTs"
        }
      ],
      "services": {
        "appinvite_service": {
          "other_platform_oauth_client": []
        }
      }
    }
  ],
  "configuration_version": "1"
}